sort_order,title,content
1,Empowering Healthcare Infrastructure with Precision and Power.,Allura Enterprise is a trusted turnkey distributor delivering world-class medical equipment and mission-critical electrical solutions to healthcare institutions nationwide.
2,Who We Are?,"At Allura Enterprise, we bridge the gap between advanced medical technology and structural engineering. We are not just an equipment supplier; we are a dedicated, high-end distributor and technical services partner for hospitals, diagnostic centers, and clinical laboratories.

We specialize in two core pillars that keep healthcare facilities running safely and without interruption:

1. **Advanced Clinical Hardware**: Sourcing and distributing cutting-edge diagnostic imaging, radiology, life-support, and laboratory systems.
2. **Critical Power & Infrastructure Protection**: Securing medical grids with medical-grade uninterruptible power supplies (UPS), surge suppression, and structural safety shielding."
3,The Allura Difference,"**📦 Premium Product Distribution**

We carefully curate and distribute an elite portfolio of medical devices across critical specialties:

- **Radiology & Diagnostics**: From high-definition DSA Cathlabs and 3D Mammography to CT-Scans and Digital X-ray systems.
- **Critical Care & O.R. Solutions**: Premium ventilators, anesthesia machines, and operating theater equipment.
- **Medical Equipment Lifecycle**: From precise equipment installation and routine preventive maintenance to emergency corrective repairs and calibration verification certifications.
- **Radiation Safety Compliance**: Structural calculation, supply, and specialized installation of radiation lead shielding to meet strict Department of Health (DOH) licensing compliance.
- **Power Quality Audits & Engineering**: Comprehensive facility power profiling, electrical installations, and UPS system re-installations to shield sensitive diagnostic systems from catastrophic voltage fluctuations."
4,Our Core Values,"- **Uncompromised Reliability**: In healthcare, downtime is measured in lives. We ensure every medical device and power line we touch is calibrated to perfection.
- **Technical Integrity**: Our team consists of specialized biomedical and electrical engineering professionals who understand regional electrical codes and strict clinical guidelines.
- **Turnkey Partnership**: From the initial facility consultation and room shielding installation to long-term preventative maintenance SLAs, we handle the technical heavy lifting so medical professionals can focus on patient care."